SALE TYPE,SOLD DATE,PROPERTY TYPE,ADDRESS,CITY,STATE OR PROVINCE,ZIP OR POSTAL CODE,PRICE,BEDS,BATHS,LOCATION, ,LOT SIZE,YEAR BUILT,DAYS ON MARKET,$/SQUARE FEET,HOA/MONTH,STATUS,j,NEXT OPEN HOUSE END TIME,URL (SEE http://www.redfin.com/buy-a-home/comparative-market-analysis FOR INFO ON PRICING),SOURCE,MLS#,FAVORITE,INTERESTED,LATITUDE,LONGITUDE
MLS Listing,,Condo/Co-op,65-38 Booth St Unit 1E,Rego Park,NY,11374,169000,0,1,65-38 Owners Corp,500,,1950,1,338,,Active,,,http://www.redfin.com/NY/Flushing/65-38-Booth-St-11374/unit-1E/home/170231919,MLSLI,3190326,N,Y,40.726787,-73.858789
MLS Listing,,Condo/Co-op,130 Beach 121 St Unit 4A,Rockaway,NY,11694,169900,0,1,Rockaway,600,,1963,1,283,,Active,,,http://www.redfin.com/NY/Rockaway-Park/130-Beach-121st-St-11694/unit-4A/home/59307401,BNYMLS,435759,N,Y,40.5766006,-73.8401978
MLS Listing,,Condo/Co-op,87-40 Francis Lewis Blvd Unit B42,Queens Village,NY,11427,175000,1,1,Hilltop Village,740,,1950,1,,,Active,,,http://www.redfin.com/NY/Queens-Village/87-40-Francis-Lewis-Blvd-11427/unit-B-42/home/148125040,MLSLI,3189863,N,Y,40.7224173,-73.7616979
MLS Listing,,Condo/Co-op,530 Riverdale Ave Unit 5K,Yonkers,NY,10705,128500,1,1,Yonkers,750,,1956,1,171,,Active,,,http://www.redfin.com/NY/Yonkers/530-Riverdale-Ave-10705/unit-5K/home/168984878,HGMLS,6000446,N,Y,40.9140754,-73.9019492
MLS Listing,,Condo/Co-op,3176 Decatur Ave Unit 4G,Bronx,NY,10467,155000,1,1,Bronx,650,,1955,2,238,,Active,,,http://www.redfin.com/NY/The-Bronx/3176-Decatur-Ave-10467/unit-4G/home/44764017,HGMLS,6000487,N,Y,40.8731518,-73.875766
MLS Listing,,Condo/Co-op,10 E 43rd St Unit 5j,Brooklyn,NY,11203,150000,1,1,East Flatbush,750,750,1956,3,200,650,Active,January-8-2020 07:00 PM,January-8-2020 07:30 PM,http://www.redfin.com/NY/Brooklyn/10-E-43rd-St-11203/unit-5j/home/160395239,SIBORMLS,1134603,N,Y,40.6555346,-73.9379282
MLS Listing,,Condo/Co-op,1480 Thieriot Ave Unit 4B,Bronx,NY,10460,129000,1,1,Bronx,850,,1965,6,152,,Active,,,http://www.redfin.com/NY/Bronx/1480-Thieriot-Ave-10460/unit-4B/home/144911632,HGMLS,6000685,N,Y,40.8372687,-73.8651373
MLS Listing,,Condo/Co-op,2251 Knapp St Unit 3F,Brooklyn,NY,11229,149000,1,1,Brooklyn,750,,1955,6,199,,Active,,,http://www.redfin.com/NY/Brooklyn/2251-Knapp-St-11229/unit-3F/home/170194867,BNYMLS,435623,N,Y,40.598354,-73.9335111
MLS Listing,,Condo/Co-op,2026 Pearson St Unit 69A,Brooklyn,NY,11234,163000,1,1,Brooklyn,750,,,6,217,,Active,,,http://www.redfin.com/NY/Brooklyn/2026-Pearson-St-11234/unit-69A/home/170194450,BNYMLS,435616,N,Y,40.6136161,-73.9196583
MLS Listing,,Condo/Co-op,20 Cliff St Unit 3r,Staten Island,NY,10305,175000,0,1,Fort Wadsworth,617,617,1965,6,284,534,Active,,,http://www.redfin.com/NY/Staten-Island/20-Cliff-St-10305/unit-3R/home/77417705,SIBORMLS,1134527,N,Y,40.6109595,-74.060351
MLS Listing,,Condo/Co-op,91 E 208 St Unit 5g,Bronx,NY,10467,149000,1,1,Bronx,737,,1926,9,,,Active,,,http://www.redfin.com/NY/The-Bronx/91-E-208th-St-10467/unit-5G/home/44765349,HGMLS,5130174,N,Y,40.8788175,-73.8814623
MLS Listing,,Condo/Co-op,365 Bronx River Rd Unit 6C,Yonkers,NY,10704,85000,0,1,Yonkers,550,,1967,9,155,,Active,,,http://www.redfin.com/NY/Yonkers/365-Bronx-River-Rd-10704/unit-6C/home/21826191,HGMLS,5130157,N,Y,40.9125072,-73.8523857
MLS Listing,,Condo/Co-op,20 Secor Unit 4N,Yonkers,NY,10704,140000,1,1,Yonkers,750,,1960,10,187,,Active,,,http://www.redfin.com/NY/Yonkers/20-Secor-Pl-10704/unit-4-N/home/103507746,HGMLS,5129993,N,Y,40.9127983,-73.8557218
MLS Listing,,Condo/Co-op,6485 Broadway Ave Unit 7b,Bronx,NY,10471,85000,0,1,Bronx,550,,1938,11,155,,Active,,,http://www.redfin.com/NY/The-Bronx/6485-Broadway-10471/unit-7b/home/170173986,HGMLS,5129778,N,Y,40.9053593,-73.896659
MLS Listing,,Condo/Co-op,3279 Hull Ave #15,Bronx,NY,10467,160000,2,1,Bronx,875,,1924,12,183,,Active,,,http://www.redfin.com/NY/The-Bronx/3279-Hull-Ave-10467/unit-15/home/44807206,HGMLS,5129534,N,Y,40.8763215,-73.8749929
MLS Listing,,Condo/Co-op,2270 Plumb 1 St Unit 3B,Brooklyn,NY,11229,169500,2,1,Brooklyn,900,,,12,188,,Active,,,http://www.redfin.com/NY/Brooklyn/2270-Plumb-1st-St-11229/unit-3B/home/170167844,BNYMLS,435540,N,Y,40.5979678,-73.9327784
MLS Listing,,Condo/Co-op,29 Abeel St Unit 4E,Yonkers,NY,10705,167500,2,1,Yonkers,1000,,1956,13,168,,Active,,,http://www.redfin.com/NY/Yonkers/29-Abeel-St-10705/unit-4E/home/170163956,HGMLS,5129286,N,Y,40.915001,-73.903412
MLS Listing,,Condo/Co-op,Unit at 3000 Valentine Ave,Bronx,NY,10458,127800,1,1,Bedford Park,608,,,13,210,,Active,,,http://www.redfin.com/NY/Bronx/3000-Valentine-Ave-10458/home/146524803,REBNY,CITI5948787,N,Y,40.8724137,-73.8852231
MLS Listing,,Condo/Co-op,89-00 170th St Unit 8G,Jamaica,NY,11432,169000,1,1,Avalon Terrace,830,,1965,13,204,847,Active,,,http://www.redfin.com/NY/Jamaica/89-00-170th-St-11432/unit-8G/home/39947073,MLSLI,3187618,N,Y,40.7092156,-73.7912209
MLS Listing,,Condo/Co-op,108-39 Seaview Ave Unit 32A,Brooklyn,NY,11236,154900,1,1,Brooklyn,153,,1988,14,1012,,Active,,,http://www.redfin.com/NY/Brooklyn/10839-Seaview-Ave-11236/unit-32A/home/40894932,BNYMLS,435508,N,Y,40.639982,-73.881744
MLS Listing,,Condo/Co-op,61B Edgewater Park Unit -,Bronx,NY,10465,80000,2,1,Bronx,700,,1925,15,114,,Active,,,http://www.redfin.com/NY/The-Bronx/61-Edgewater-Park-10465/unit-61E/home/44601590,HGMLS,5128622,N,Y,40.821824,-73.811171
MLS Listing,,Condo/Co-op,3121 Middletown Rd Unit 3G,Bronx,NY,10461,159000,1,1,Bronx,800,,1963,19,199,,Active,January-11-2020 01:00 PM,January-11-2020 02:00 PM,http://www.redfin.com/NY/The-Bronx/3121-Middletown-Rd-10461/unit-3G/home/170149168,HGMLS,5128062,N,Y,40.8455961,-73.8264218
MLS Listing,,Condo/Co-op,1898 Longfellow Ave Unit E2,Bronx,NY,10460,110000,1,1,Bronx,700,4556,1914,20,157,,Active,,,http://www.redfin.com/NY/The-Bronx/1898-Longfellow-Ave-10460/unit-E2/home/170136931,HGMLS,5128017,N,Y,40.8387931,-73.8821973
MLS Listing,,Condo/Co-op,3176 Decatur Ave Unit 1A,Bronx,NY,10467,155000,1,1,Bronx,675,,1960,21,230,,Active,,,http://www.redfin.com/NY/The-Bronx/3176-Decatur-Ave-10467/unit-1A/home/44765899,HGMLS,5127739,N,Y,40.8731518,-73.875766
MLS Listing,,Condo/Co-op,1011 Nameoke St Unit 4F,Far Rockaway,NY,11691,154900,2,1,Nameoke Court Condominiu,1015,,1961,22,,585,Active,,,http://www.redfin.com/NY/Far-Rockaway/10-11-Nameoke-St-11691/unit-4F/home/20678564,MLSLI,3186762,N,Y,40.6030873,-73.7490197
MLS Listing,,Condo/Co-op,501 Riverdale Ave Unit 6H,Yonkers,NY,10705,97000,1,1,Yonkers,850,,1953,24,114,,Active,,,http://www.redfin.com/NY/Yonkers/501-Riverdale-Ave-10705/unit-6H/home/54974138,HGMLS,5126839,N,Y,40.9151414,-73.9024085
MLS Listing,,Condo/Co-op,1160 Colgate Ave Unit 1D,Bronx,NY,10472,120000,2,1,Bronx,791,,1927,25,152,,Active,,,http://www.redfin.com/NY/The-Bronx/1160-Colgate-Ave-10472/unit-1D/home/170105839,HGMLS,5125109,N,Y,40.8279037,-73.881623
MLS Listing,,Condo/Co-op,814 Tilden St Unit 1A,Bronx,NY,10467,65000,0,1,Bronx,530,,1962,26,123,,Active,,,http://www.redfin.com/NY/The-Bronx/814-Tilden-St-10467/unit-1A/home/44805486,HGMLS,5126664,N,Y,40.8767393,-73.8614649
MLS Listing,,Condo/Co-op,1100 Clove Rd Unit 7j,Staten Island,NY,10301,135000,0,1,Clove Lake,476,,1968,27,277,600,Active,,,http://www.redfin.com/NY/Unknown/1100-Clove-Rd-10301/unit-7-J/home/112343644,SIBORMLS,1134309,N,Y,40.6189492,-74.1071576
MLS Listing,,Condo/Co-op,55 Tulip Ave Unit 7-  2,Floral Park,NY,11001,169000,0,1,Floral Park /Bellerose,,,1953,28,,,Active,January-11-2020 12:00 PM,January-11-2020 02:00 PM,http://www.redfin.com/NY/Floral-Park/55-Tulip-Ave-11001/unit-72/home/21451974,MLSLI,3185779,N,Y,40.726153,-73.7062926
MLS Listing,,Condo/Co-op,1165 Fulton Ave Unit SL,Bronx,NY,10456,149000,2,1,Bronx,900,,1927,28,166,,Active,,,http://www.redfin.com/NY/The-Bronx/1165-Fulton-Ave-10456/unit-SL/home/44806998,HGMLS,5126025,N,Y,40.8295018,-73.9056237
MLS Listing,,Condo/Co-op,245 Bronx River Rise Unit 8G,Yonkers,NY,10704,139000,1,1,Yonkers,800,,1970,29,174,,Active,,,http://www.redfin.com/NY/Yonkers/245-Bronx-River-Rd-10704/unit-8G/home/21656596,HGMLS,5125453,N,Y,40.9091558,-73.8555185
MLS Listing,,Condo/Co-op,43 Edgewater Park Unit B,Bronx,NY,10465,110000,2,1,Bronx,685,,1920,30,161,,Active,,,http://www.redfin.com/NY/The-Bronx/43-Edgewater-Park-10465/unit-B/home/170037861,HGMLS,5125511,N,Y,40.8225199,-73.8111246
MLS Listing,,Condo/Co-op,1717 E 14th St Unit J,Brooklyn,NY,11229,159500,1,1,Brooklyn,550,,1932,31,290,,Active,,,http://www.redfin.com/NY/Brooklyn/1717-E-14th-St-11229/unit-J/home/170035229,HGMLS,5125242,N,Y,40.6077014,-73.958782
MLS Listing,,Condo/Co-op,491 Riverdale Ave Unit 4E,Yonkers,NY,10705,110000,1,1,Yonkers,800,,1956,32,138,,Active,,,http://www.redfin.com/NY/Yonkers/491-Riverdale-Ave-10705/unit-4E/home/170033566,HGMLS,5125128,N,Y,40.9156924,-73.9025307
MLS Listing,,Condo/Co-op,400 E 161 St Unit 3A,Bronx,NY,10451,115000,1,1,Bronx,450,,1925,34,256,,Active,,,http://www.redfin.com/NY/The-Bronx/400-E-161-St-10451/unit-3A/home/170015270,HGMLS,5124538,N,Y,40.8239768,-73.9136669
MLS Listing,,Condo/Co-op,400 E 161 St Unit 5A,Bronx,NY,10451,115000,1,1,Bronx,450,,1925,34,256,,Active,,,http://www.redfin.com/NY/The-Bronx/400-E-161-St-10451/unit-5A/home/170015269,HGMLS,5123101,N,Y,40.8239768,-73.9136669
MLS Listing,,Condo/Co-op,Unit at 40 E 43rd St,Brooklyn,NY,11203,175000,1,1,East Flatbush,,,,34,,,Active,,,http://www.redfin.com/NY/Unknown/40-E-43rd-St-11203/home/147153597,REBNY,UCOM1775574,N,Y,40.6554262,-73.9379352
MLS Listing,,Condo/Co-op,530 Riverdale Unit 2E,Yonkers,NY,10705,119000,1,1,Yonkers,700,,1956,35,170,,Active,,,http://www.redfin.com/NY/Yonkers/530-Riverdale-Ave-10705/unit-2E/home/40405181,HGMLS,5124303,N,Y,40.9140754,-73.9019492
MLS Listing,,Single Family Residential,36 Dare Ct,Brooklyn,NY,11229,150000,,,Brooklyn,,1800,,35,,,Active,,,http://www.redfin.com/NY/Brooklyn/36-Dare-Ct-11229/home/170009977,BNYMLS,435145,N,Y,40.5877103,-73.9215251
MLS Listing,,Condo/Co-op,144-55 Melbourne Ave Unit 1 A,Flushing,NY,11367,167888,2,1,Mainstay 1,1000,,1955,36,168,,Active,,,http://www.redfin.com/NY/Unknown/144-55-Melbourne-Ave-11367/unit-1A/home/144713123,MLSLI,3183910,N,Y,40.7349131,-73.8233024
MLS Listing,,Condo/Co-op,1100 Clove Rd Unit 9f,Staten Island,NY,10301,128000,0,1,Clove Lake,,,1968,37,,625,Active,,,http://www.redfin.com/NY/Staten-Island/1100-Clove-Rd-10301/unit-9F/home/77421897,SIBORMLS,1134121,N,Y,40.6189484,-74.1071576
MLS Listing,,Condo/Co-op,86-10 151 Ave Unit 3A,Howard Beach,NY,11414,168888,1,1,Lindenwood,895,,1966,37,189,,Active,,,http://www.redfin.com/NY/Jamaica/86-10-151st-Ave-11414/unit-3A/home/20646520,MLSLI,3183700,N,Y,40.667896,-73.848862
MLS Listing,,Condo/Co-op,1230 E 82nd St #81,Brooklyn,NY,11236,158000,1,1,Brook Club,432,,1986,39,366,175,Active,,,http://www.redfin.com/NY/Brooklyn/1230-E-82nd-St-11236/unit-81/home/40888173,MLSLI,3183433,N,Y,40.6306675,-73.9059449
MLS Listing,,Condo/Co-op,144-60 Gravett Rd Unit 2B,Flushing,NY,11367,158888,1,1,Mainstay,750,,1950,40,212,,Active,,,http://www.redfin.com/NY/Flushing/144-60-Gravett-Rd-11367/unit-2B/home/63514423,MLSLI,3183355,N,Y,40.7352898,-73.8224991
MLS Listing,,Condo/Co-op,3065 Sedgwick Ave Unit 4H,Bronx,NY,10468,150000,1,1,Bronx,650,,1960,41,231,,Active,,,http://www.redfin.com/NY/The-Bronx/3065-Sedgwick-Ave-10468/unit-4H/home/44800951,HGMLS,5122915,N,Y,40.8766081,-73.8998497
MLS Listing,,Condo/Co-op,Unit at 2 E 55th St,New York,NY,10022,135000,0,1,Middle West Side,,,,41,,,Active,,,http://www.redfin.com/NY/New-York/2-E-55th-St-10022/home/114467622,REBNY,DEGI4036163,N,Y,40.7613979,-73.9746128
MLS Listing,,Condo/Co-op,353 W 56th St Unit 3J,New York,NY,10019,169900,0,1,New York,582,,1929,42,292,743,Active,,,http://www.redfin.com/NY/New-York/353-W-56th-St-10019/unit-3J/home/45262793,HGMLS,5122775,N,Y,40.767207,-73.985702
MLS Listing,,Condo/Co-op,5601 Riverdale Ave Unit 4K,Bronx,NY,10471,164999,1,1,Bronx,850,,1954,43,194,,Active,,,http://www.redfin.com/NY/The-Bronx/5601-Riverdale-Ave-10471/unit-4K/home/53615731,HGMLS,5122577,N,Y,40.9048823,-73.9051113
MLS Listing,,Condo/Co-op,Unit at 3875 Waldo Ave,Bronx,NY,10463,175000,1,1,Riverdale,,,,46,,,Active,,,http://www.redfin.com/NY/The-Bronx/3875-Waldo-Ave-10463/home/169932649,REBNY,BACH19970088,N,Y,40.8890553,-73.9033819
MLS Listing,,Condo/Co-op,Unit at 2 E 55th St,New York,NY,10022,174000,1,2,Middle West Side,,,,47,,,Active,,,http://www.redfin.com/NY/New-York/2-E-55th-St-10022/home/115826158,REBNY,DEGI4030095,N,Y,40.7613979,-73.9746128
MLS Listing,,Condo/Co-op,61 Bronx River Rd Unit 2 I,Yonkers,NY,10704,75000,0,1,Yonkers,475,,1920,47,158,,Active,,,http://www.redfin.com/NY/Yonkers/61-Bronx-River-Rd-10704/unit-2I/home/25722093,HGMLS,5121120,N,Y,40.9029789,-73.8602666
MLS Listing,,Condo/Co-op,601 Kappock St Unit 6F,Bronx,NY,10463,175000,1,1,Riverdale,800,,1963,47,219,,Active,January-12-2020 01:30 PM,January-12-2020 02:30 PM,http://www.redfin.com/NY/The-Bronx/601-Kappock-St-10463/unit-6F/home/169918453,HGMLS,5121234,N,Y,40.8790063,-73.9161022
MLS Listing,,Condo/Co-op,Unit at 3 Fordham Hill Oval,Bronx,NY,10468,171000,1,1,University Heights,,,,48,,,Active,,,http://www.redfin.com/NY/The-Bronx/3-Fordham-Hill-Oval-10468/home/52750561,REBNY,LLGI2809654,N,Y,40.8646489,-73.9082109
MLS Listing,,Condo/Co-op,Unit at 7 Fordham Hill Oval,Bronx,NY,10468,157000,1,1,University Heights,,,,48,,,Active,,,http://www.redfin.com/NY/The-Bronx/7-Fordham-Hill-Oval-10468/home/44801721,REBNY,LLGI1414555,N,Y,40.8647901,-73.9071597
MLS Listing,,Condo/Co-op,1480 Thieriot Ave Unit 6c,Bronx,NY,10460,165000,2,1,Bronx,900,,1960,48,183,,Active,,,http://www.redfin.com/NY/The-Bronx/1480-Thieriot-Ave-10460/unit-6c/home/160765918,HGMLS,5121136,N,Y,40.8373634,-73.8651998
MLS Listing,,Condo/Co-op,5800 Arlington Ave Unit 16N,Bronx,NY,10471,175000,0,1,Riverdale,500,,1960,49,350,,Active,January-12-2020 01:00 PM,January-12-2020 02:00 PM,http://www.redfin.com/NY/The-Bronx/5800-Arlington-Ave-10471/unit-16N/home/44763495,HGMLS,5121011,N,Y,40.9080135,-73.9055787
MLS Listing,,Condo/Co-op,118-18 Union Tpke Unit 2J,Kew Gardens,NY,11415,165000,0,1,Park Lane South,500,,1974,49,330,,Active,,,http://www.redfin.com/NY/Kew-Gardens/118-18-Union-Tpke-11415/unit-2J/home/169899548,MLSLI,3181645,N,Y,40.7124154,-73.8339574
MLS Listing,,Condo/Co-op,1040 Neilson St Unit 1B,Far Rockaway,NY,11691,129000,1,1,-,870,,1960,51,148,,Active,,,http://www.redfin.com/NY/Far-Rockaway/1040-Neilson-St-11691/unit-1B/home/169883807,MLSLI,3181382,N,Y,40.6043757,-73.7475099
MLS Listing,,Condo/Co-op,29 Abeel St Unit 1G,Yonkers,NY,10705,139000,1,1,Yonkers,700,,1956,54,199,,Active,,,http://www.redfin.com/NY/Yonkers/29-Abeel-St-10705/unit-1G/home/55513423,HGMLS,5120270,N,Y,40.9152575,-73.9033523
MLS Listing,,Condo/Co-op,7445 Yellowstone Blvd Unit 3J,Rego Park,NY,11374,169000,0,1,Alderton,,,1950,55,,,Active,,,http://www.redfin.com/NY/Rego-Park/7445-Yellowstone-Blvd-11374/unit-3J/home/20627079,MLSLI,3180346,N,Y,40.7152904,-73.8585123
MLS Listing,,Single Family Residential,148 Fox Beach Ave,Staten Island,NY,10306,139900,2,1,Oakwood,702,1550,1930,56,199,,Active,,,http://www.redfin.com/NY/Staten-Island/148-Fox-Beach-Ave-10306/home/56081911,SIBORMLS,1133784,N,Y,40.5534144,-74.115772
MLS Listing,,Condo/Co-op,2962 Decatur Ave Unit 3-H,Bronx,NY,10458,139000,1,1,Bronx,602,,1939,58,231,,Active,,,http://www.redfin.com/NY/Bronx/2962-Decatur-Ave-10458/unit-3H/home/59854453,HGMLS,5118504,N,Y,40.8683635,-73.8832079
MLS Listing,,Condo/Co-op,5 Fordham Hill Oval Unit 11D,Bronx,NY,10468,160000,1,1,Bronx,750,,1951,63,213,,Active,,,http://www.redfin.com/NY/The-Bronx/5-Fordham-Hill-Oval-10468/unit-11D/home/44799621,HGMLS,5118601,N,Y,40.8653295,-73.90739
MLS Listing,,Condo/Co-op,50 West St Unit 35A,New York,NY,10006,8950,2,2.5,New York,1642,,2016,64,5,,Active,,,http://www.redfin.com/NY/New-York/50-West-St-10006/unit-35A/home/113673072,HGMLS,5118450,N,Y,40.7078252,-74.0150476
MLS Listing,,Condo/Co-op,5621 Netherland Ave Unit 6E,Bronx,NY,10471,167500,1,1,Riverdale,720,,1950,64,233,,Active,,,http://www.redfin.com/NY/The-Bronx/5621-Netherland-Ave-10471/unit-6E/home/169653653,HGMLS,5118150,N,Y,40.9050385,-73.9064185
MLS Listing,,Condo/Co-op,147-35 Village Rd Unit 35GC,Briarwood,NY,11435,159000,1,1,Parkway Village,,,1948,64,,,Active,,,http://www.redfin.com/NY/Jamaica/147-35-Village-Rd-11435/unit-35GC/home/20634630,MLSLI,3178285,N,Y,40.7170497,-73.8128134
MLS Listing,,Single Family Residential,134 Freeborn St,Staten Island,NY,10306,120000,2,1,Staten Island,,1900,1925,64,,,Active,,,http://www.redfin.com/NY/Staten-Island/134-Freeborn-St-10306/home/56017734,MLSLI,3178283,N,Y,40.575846,-74.090966
MLS Listing,,Condo/Co-op,77 Bronx River Rd Unit 2F,Yonkers,NY,10704,130000,1,1,Yonkers,760,,1954,64,171,,Active,,,http://www.redfin.com/NY/Yonkers/77-Bronx-River-Rd-10704/unit-2F/home/49748431,HGMLS,5094194,N,Y,40.9037704,-73.8595638
MLS Listing,,Condo/Co-op,639 E 169th St Unit 4C,Bronx,NY,10456,145000,3,1,Bronx,21378,5135,1904,64,7,,Active,,,http://www.redfin.com/NY/The-Bronx/639-E-169th-St-10456/unit-4C/home/169650159,HGMLS,5118280,N,Y,40.831707,-73.9009616
MLS Listing,,Vacant Land,1979 Cortona Ave,bronx,NY,11693,169000,,,Bronx,,1672,,65,,,Active,,,http://www.redfin.com/NY/bronx/1979-Cortona-AVE-11693/home/169649296,MLSLI,3178048,N,Y,40.6166766,-73.8272029
MLS Listing,,Condo/Co-op,2922 Barnes Ave Unit 3L,Bronx,NY,10467,153000,1,1,Bronx,800,,1928,65,191,,Active,,,http://www.redfin.com/NY/The-Bronx/2922-Barnes-Ave-10467/unit-3L/home/169648191,HGMLS,5118090,N,Y,40.8685583,-73.8631566
MLS Listing,,Condo/Co-op,609 Kappock St Unit 1B,Bronx,NY,10463,149900,1,1,Riverdale,921,,1962,67,163,,Active,,,http://www.redfin.com/NY/Bronx/609-Kappock-St-10463/unit-1B/home/44602418,HGMLS,5117676,N,Y,40.8797736,-73.9161877
MLS Listing,,Condo/Co-op,2506 Davidson Ave Unit 1G,Bronx,NY,10468,169999,1,1,Bronx,600,,1941,67,283,,Active,,,http://www.redfin.com/NY/The-Bronx/2506-Davidson-Ave-10468/unit-1G/home/44765501,HGMLS,5117564,N,Y,40.8644015,-73.9007549
MLS Listing,,Condo/Co-op,255 Bronx River Rd Unit 4N,Yonkers,NY,10704,139000,1,1,Yonkers,800,,1970,69,174,,Active,,,http://www.redfin.com/NY/Yonkers/255-Bronx-River-Rd-10704/unit-4N/home/53614826,HGMLS,5116223,N,Y,40.9093232,-73.855371
MLS Listing,,Condo/Co-op,5601 Riverdale Ave Unit 4T,Bronx,NY,10471,150000,0,1,Bronx,600,,1955,70,250,,Active,,,http://www.redfin.com/NY/The-Bronx/5601-Riverdale-Ave-10471/unit-4T/home/44799485,HGMLS,5116213,N,Y,40.9048823,-73.9051113
MLS Listing,,Condo/Co-op,2250 Brigham St Unit 5C,Brooklyn,NY,11229,151000,1,1,Brooklyn,750,,,71,201,,Active,,,http://www.redfin.com/NY/Brooklyn/2250-Brigham-St-11229/unit-5C/home/169594112,BNYMLS,434365,N,Y,40.5977235,-73.9352176
MLS Listing,,Condo/Co-op,87-15 165St St Unit 5 c,Jamaica Hills,NY,11432,110000,0,1,Saxony,,,1930,75,,,Active,,,http://www.redfin.com/NY/Jamaica/87-15-165th-St-11432/unit-5C/home/20631465,MLSLI,3175688,N,Y,40.7103939,-73.7983509
MLS Listing,,Condo/Co-op,118-18 Union Tpke Unit 5J,Kew Gardens,NY,11415,164999,0,1,Park Lane South,,,1974,75,,,Active,,,http://www.redfin.com/NY/Kew-Gardens/118-18-Union-Tpke-11415/unit-5J/home/169569755,MLSLI,3175654,N,Y,40.7124154,-73.8339574
MLS Listing,,Vacant Land,12-04 Church Rd,Broad Channel,NY,11693,34900,,,Broad Channel,,4419,,75,,,Active,,,http://www.redfin.com/NY/Far-Rockaway/12-04-Church-Rd-11693/home/20668615,MLSLI,3175528,N,Y,40.604092,-73.817952
MLS Listing,,Condo/Co-op,Unit at 2251 Knapp St,Brooklyn,NY,11229,175000,2,1,Sheepshead Bay,,,,76,,,Active,,,http://www.redfin.com/NY/Brooklyn/2251-Knapp-St-11229/home/148750929,REBNY,DEGI4003377,N,Y,40.598354,-73.9335111
MLS Listing,,Condo/Co-op,Unit at 1350 E 5th St,Brooklyn,NY,11230,170000,0,1,Midwood,,,,77,,,Active,,,http://www.redfin.com/NY/Brooklyn/1350-E-5th-St-11230/home/40673542,REBNY,CITI5922971,N,Y,40.6178791,-73.9709274
MLS Listing,,Condo/Co-op,3845 Shore Pkwy Unit 3m,Brooklyn,NY,11235,159999,1,1,Sheepshead Bay,580,,1965,78,276,410,Active,,,http://www.redfin.com/NY/Brooklyn/3845-Shore-Pkwy-11235/unit-3M/home/40654595,SIBORMLS,1133252,N,Y,40.586901,-73.932949
MLS Listing,,Condo/Co-op,829 Adee Ave Unit 3N,Bronx,NY,10467,125000,1,1,Bronx,600,,1927,78,208,,Active,,,http://www.redfin.com/NY/The-Bronx/829-Adee-Ave-10467/unit-3N/home/169515820,HGMLS,5111202,N,Y,40.8698328,-73.8622596
MLS Listing,,Condo/Co-op,Unit at 3000 Valentine Ave,Bronx,NY,10458,125000,1,1,Bedford Park,595,,,79,210,,Active,,,http://www.redfin.com/NY/The-Bronx/3000-Valentine-Ave-10458/home/169507239,REBNY,CITI5921919,N,Y,40.8724137,-73.8852231
MLS Listing,,Condo/Co-op,333 Bronx River Rd #617,Yonkers,NY,10704,119000,1,1,Yonkers,650,,1960,81,183,,Active,,,http://www.redfin.com/NY/Yonkers/333-Bronx-River-Rd-10704/unit-617/home/58142987,HGMLS,5105882,N,Y,40.9112066,-73.8538685
MLS Listing,,Condo/Co-op,975 Union #34,Bronx,NY,10459,79999,2,1,Bronx,800,,1912,82,100,,Active,,,http://www.redfin.com/NY/The-Bronx/975-Union-10459/unit-34/home/169465009,HGMLS,5106945,N,Y,40.8285039,-73.8918897
MLS Listing,,Condo/Co-op,975 Union #20,Bronx,NY,10459,79999,2,1,Bronx,800,,1912,82,100,,Active,,,http://www.redfin.com/NY/The-Bronx/975-Union-10459/unit-20/home/169464891,HGMLS,5106941,N,Y,40.8285039,-73.8918897
MLS Listing,,Vacant Land,23 East Ave,Lawrence,NY,11559,98000,,,Lawrence,,4300,,83,,,Active,,,http://www.redfin.com/NY/Lawrence/23-East-Ave-11559/home/20386962,MLSLI,3173693,N,Y,40.636359,-73.7424648
MLS Listing,,Condo/Co-op,5650 Netherland Ave Unit 2 C,Bronx,NY,10471,146900,1,1,Bronx,750,,1949,83,196,,Active,,,http://www.redfin.com/NY/The-Bronx/5650-Netherland-Ave-10471/unit-2-C/home/167054931,HGMLS,5105742,N,Y,40.905255,-73.906121
MLS Listing,,Condo/Co-op,Unit at 40 E 43rd St,Brooklyn,NY,11203,159500,1,1,East Flatbush,,,,84,,,Active,,,http://www.redfin.com/NY/Brooklyn/40-E-43rd-St-11203/home/169436741,REBNY,UCOM1854712,N,Y,40.6554262,-73.9379352
MLS Listing,,Condo/Co-op,3636 Fieldston Rd Unit 2M,Bronx,NY,10463,163000,1,1,Riverdale,750,,1955,85,217,,Active,,,http://www.redfin.com/NY/The-Bronx/3636-Fieldston-Rd-10463/unit-2M/home/169432448,HGMLS,5103773,N,Y,40.8868274,-73.9062668
MLS Listing,,Condo/Co-op,,Jamaica Hills,NY,11432,129000,0,1,Saxony,900,,1950,85,143,650,Active,,,http://www.redfin.com/NY/Unknown/Undisclosed-address-11432/home/144522932,MLSLI,3173035,N,Y,40.710153,-73.797972
MLS Listing,,Condo/Co-op,3 Fordham Hill Oval Unit 7H,Bronx,NY,10468,165000,1,1,Bronx,700,,1951,85,236,,Active,,,http://www.redfin.com/NY/The-Bronx/3-Fordham-Hill-Oval-10468/unit-7H/home/44800767,HGMLS,5103075,N,Y,40.8646489,-73.9082109
MLS Listing,,Condo/Co-op,Unit at 3131 Grand Concourse,Bronx,NY,10468,115000,1,1,Bedford Park,750,,,85,,,Active,,,http://www.redfin.com/NY/Bronx/3131-Grand-Concourse-10468/home/44602448,REBNY,CITI5916520,N,Y,40.8751002,-73.886699
MLS Listing,,Condo/Co-op,31 Vera St Unit D,Staten Island,NY,10305,128900,0,1,Dongan Hills-Above Hylan,450,450,1969,86,286,308,Active,,,http://www.redfin.com/NY/Unknown/31-Vera-St-10305/unit-D/home/145384023,SIBORMLS,1133033,N,Y,40.5849807,-74.0973116
MLS Listing,,Condo/Co-op,84-29 155th Ave Unit 5N,Howard Beach,NY,11414,105000,0,1,Pembroke,,,1965,89,,,Active,,,http://www.redfin.com/NY/Howard-Beach/84-29-155th-Ave-11414/unit-5N/home/160409993,MLSLI,3172161,N,Y,40.6651957,-73.8485628
MLS Listing,,Condo/Co-op,36 Hamilton Ave Unit 3g,Staten Island,NY,10301,170000,1,1,St. George,500,500,1963,90,340,,Active,,,http://www.redfin.com/NY/Staten-Island/36-Hamilton-Ave-10301/unit-3G/home/77420724,SIBORMLS,1132934,N,Y,40.6448994,-74.0787997
MLS Listing,,Vacant Land,2324 43rd St,Astoria,NY,11105,175000,,,Astoria,,568,,91,,,Active,,,http://www.redfin.com/NY/Long-Island-City/23-24-43rd-St-11105/home/168641153,MLSLI,3171528,N,Y,40.769137,-73.906785
MLS Listing,,Vacant Land,190 N Burgher Ave,Staten Island,NY,10310,2000,0,,West Brighton,,4500,,92,,,Active,,,http://www.redfin.com/NY/Staten-Island/190-N-Burgher-Ave-10310/home/56100106,SIBORMLS,1132900,N,Y,40.636477,-74.115122
MLS Listing,,Condo/Co-op,2750 Johnson Ave Unit 3-L,Bronx,NY,10463,145000,0,1,Riverdale,500,,1960,92,290,,Active,,,http://www.redfin.com/NY/Bronx/2750-Johnson-Ave-10463/unit-3L/home/44653193,HGMLS,5095511,N,Y,40.8801731,-73.91173
MLS Listing,,Multi-Family (2-4 Unit),111-10 106th St,Ozone Park,NY,11417,140000,4,2,Ozone Park,,2158,1925,92,,,Active,,,http://www.redfin.com/NY/Jamaica/111-10-106th-St-11417/home/20728417,MLSLI,3171188,N,Y,40.677293,-73.83371
MLS Listing,,Condo/Co-op,2160 Bronx Park E Unit 4D,Bronx,NY,10462,120000,1,1,Bronx,700,,1938,92,171,,Active,,,http://www.redfin.com/NY/The-Bronx/2160-Bronx-Park-E-10462/unit-4D/home/44764631,HGMLS,5095013,N,Y,40.8548901,-73.8692426
MLS Listing,,Condo/Co-op,333 Bronx River Rd #707,Yonkers,NY,10704,124900,1,1,Yonkers,750,129638,1980,92,167,,Active,,,http://www.redfin.com/NY/Yonkers/333-Bronx-River-Rd-10704/unit-707/home/35613322,HGMLS,5094197,N,Y,40.9112066,-73.8538685
MLS Listing,,Condo/Co-op,112-24 Northen Blvd Unit 5B,Corona,NY,11368,175000,2,1,Dorie Miller,800,,1953,93,219,,Active,,,http://www.redfin.com/NY/Corona/112-24-Northern-Blvd-11368/unit-5B/home/20659761,MLSLI,3170794,N,Y,40.7579713,-73.8567832
MLS Listing,,Condo/Co-op,84-50 169th St #118,Jamaica Estates,NY,11432,137000,0,1,Gothic Tenants,,,1954,95,,,Active,,,http://www.redfin.com/NY/Jamaica/84-50-169th-St-11432/unit-118/home/169289179,MLSLI,3170495,N,Y,40.7147444,-73.7955162
MLS Listing,,Condo/Co-op,Unit at 282 E 35th St,Brooklyn,NY,11203,169000,0,1,Flatbush,,,,95,,,Active,,,http://www.redfin.com/NY/Brooklyn/282-E-35th-St-11203/home/169288454,REBNY,DEGI3982065,N,Y,40.648202,-73.944799
MLS Listing,,Vacant Land,163rd Dr,Hamilton Beach,NY,11414,139000,,,Hamilton Beach,,4000,,96,,,Active,,,http://www.redfin.com/NY/Queens/163rd-Dr-11414/home/20681540,MLSLI,3170250,N,Y,40.652187,-73.831022
MLS Listing,,Condo/Co-op,590 Sothern Blvd Unit 3A,Bronx,NY,10455,98000,3,1,Bronx,1000,,1924,99,98,,Active,,,http://www.redfin.com/NY/The-Bronx/590-Southern-Blvd-10455/unit-3A/home/169252090,HGMLS,5086637,N,Y,40.8125294,-73.9016047
MLS Listing,,Vacant Land,515 Midland Ave,Staten Island,NY,10306,109515,0,,Midland Beach,,1700,,103,,,Active,,,http://www.redfin.com/NY/Staten-Island/515-Midland-Ave-10306/home/56114510,SIBORMLS,1132591,N,Y,40.5736606,-74.0951703
MLS Listing,,Multi-Family (2-4 Unit),,Brooklyn,NY,11226,20000,,0.5,,,2100,,105,,,Active,,,http://www.redfin.com/NY/Brooklyn/Undisclosed-address-11217/home/40641606,BNYMLS,433599,N,Y,40.6845602,-73.9776112
MLS Listing,,Condo/Co-op,2187 Holland Ave Unit L,Bronx,NY,10462,100000,1,1,Bronx,750,,1930,105,133,,Active,,,http://www.redfin.com/NY/The-Bronx/2187-Holland-Ave-10462/unit-L/home/169258189,HGMLS,5079340,N,Y,40.8558351,-73.8658889
MLS Listing,,Condo/Co-op,1430 Thieriot Ave Unit 4H,Bronx,NY,10460,172000,2,1,Bronx,840,,1960,106,205,,Active,,,http://www.redfin.com/NY/Bronx/1430-Thieriot-Ave-10460/unit-4H/home/147820222,HGMLS,5077813,N,Y,40.8363355,-73.8650161
MLS Listing,,Condo/Co-op,164-20 Highland Ave Unit 8B,Jamaica,NY,11432,124900,0,1,Jamaica Hills,500,,1958,106,250,,Active,,,http://www.redfin.com/NY/Jamaica/164-20-Highland-Ave-11432/unit-8B/home/20640003,MLSLI,3167196,N,Y,40.710029,-73.798893
MLS Listing,,Condo/Co-op,2630 Kingsbridge Ter Unit 2F,Bronx,NY,10463,155000,1,1,Bronx,723,,1955,107,214,,Active,,,http://www.redfin.com/NY/The-Bronx/2630-Kingsbridge-Ter-10463/unit-2F/home/44807252,HGMLS,5076663,N,Y,40.8698293,-73.9053549
MLS Listing,,Condo/Co-op,1000 Clove Rd Unit 3L,Staten  Island,NY,10301,120000,0,1,Staten  Island,450,,,107,267,,Active,,,http://www.redfin.com/NY/Staten-Island/1000-Clove-Rd-10301/unit-3L/home/148250604,BNYMLS,433471,N,Y,40.6202645,-74.1099106
MLS Listing,,Condo/Co-op,2550 Olinville Ave Unit 10B,Bronx,NY,10467,175000,1,1,Bronx,752,,1968,113,233,,Active,January-10-2020 05:00 AM,January-10-2020 07:00 PM,http://www.redfin.com/NY/Bronx/2550-Olinville-Ave-10467/unit-10B/home/53615253,HGMLS,5061886,N,Y,40.8644237,-73.8680481
MLS Listing,,Condo/Co-op,6535 Broadway Unit 5D,Bronx,NY,10471,84999,0,1,Bronx,400,,1969,115,212,,Active,,,http://www.redfin.com/NY/The-Bronx/6535-Broadway-10471/unit-5D/home/44772119,HGMLS,5064724,N,Y,40.906533,-73.896867
MLS Listing,,Condo/Co-op,82-74 Parsons Blvd Unit 109D,Briarwood,NY,11435,169999,1,1,Parkway Village,755,,1948,116,225,,Active,,,http://www.redfin.com/NY/Briarwood/8274-Parsons-Blvd-11435/unit-109D/home/146002785,MLSLI,3164492,N,Y,40.7164852,-73.8080607
MLS Listing,,Condo/Co-op,Unit at 1430 Thieriot Ave,Bronx,NY,10460,175000,2,1,Parkchester,,,,118,,,Active,,,http://www.redfin.com/NY/The-Bronx/1430-Thieriot-Ave-10460/home/169043315,REBNY,CITI5885773,N,Y,40.8363355,-73.8650161
MLS Listing,,Single Family Residential,924 Remsen Ave,Brooklyn,NY,11236,150000,0,,Brooklyn,13600,16000,1960,118,11,,Active,,,http://www.redfin.com/NY/Brooklyn/924-Remsen-Ave-11236/home/169038182,BNYMLS,433191,N,Y,40.6456765,-73.9123029
MLS Listing,,Condo/Co-op,2165 Matthews Ave Unit 1F,Bronx,NY,10462,170000,1,1,Bronx,750,,1955,119,227,,Active,,,http://www.redfin.com/NY/The-Bronx/2165-Matthews-Ave-10462/unit-1F/home/44800555,HGMLS,5060227,N,Y,40.8555946,-73.8631325
MLS Listing,,Condo/Co-op,1515 W 7th St Unit 4B,Brooklyn,NY,11204,150000,1,1,Ridge Harbor,,4000,1927,120,,,Active,,,http://www.redfin.com/NY/Brooklyn/1515-W-7th-St-11204/unit-4B/home/168962475,MLSLI,3163002,N,Y,40.6100544,-73.9808483
MLS Listing,,Condo/Co-op,4200 Herkimer Unit 4A,Bronx,NY,10470,150000,1,1,Bronx,775,,1967,121,194,,Active,,,http://www.redfin.com/NY/The-Bronx/4200-Herkimer-Pl-10470/unit-4A/home/168955646,HGMLS,5053173,N,Y,40.895868,-73.875456
MLS Listing,,Condo/Co-op,2550 Olinville Ave Unit 9L,Bronx,NY,10467,175000,1,1,Bronx,783,,1968,121,223,,Active,January-10-2020 05:00 AM,January-10-2020 07:00 PM,http://www.redfin.com/NY/The-Bronx/2550-Olinville-Ave-10467/unit-9L/home/168952104,HGMLS,5057192,N,Y,40.8644237,-73.8680481
MLS Listing,,Condo/Co-op,3121 Middletown Rd Unit 1l,Bronx,NY,10461,119000,0,1,Bronx,600,,1963,122,198,,Active,,,http://www.redfin.com/NY/Bronx/3121-Middletown-RD-10465/unit-1l/home/168946751,HGMLS,5055959,N,Y,40.8262186,-73.8242621
MLS Listing,,Condo/Co-op,Unit at 3636 Fieldston Rd,Bronx,NY,10471,175000,0,1,Riverdale,,,,124,,,Active,,,http://www.redfin.com/NY/Bronx/3636-Fieldston-RD-10471/home/168935135,REBNY,BACH19854063,N,Y,40.8971509,-73.9065883
MLS Listing,,Condo/Co-op,8740C Francis Lewis Unit 22-B,Queens Village,NY,11427,155000,1,1,Hilltop Village,650,,1950,124,,,Active,,,http://www.redfin.com/NY/Queens-Village/114-27-Francis-Lewis-Blvd-11429/unit-22-B/home/168934083,MLSLI,3162231,N,Y,40.7009984,-73.748036
MLS Listing,,Condo/Co-op,3396 Wayne Ave Unit D-52,Bronx,NY,10467,139900,1,1,Bronx,700,15681,1927,124,200,,Active,,,http://www.redfin.com/NY/The-Bronx/3396-Wayne-Ave-10467/unit-D52/home/44753209,HGMLS,5050689,N,Y,40.8794452,-73.8778469
MLS Listing,,Condo/Co-op,164-20 Highland Ave Unit 6W,Jamaica Estates,NY,11432,135000,0,1,Co-Op,,,1958,124,,,Active,,,http://www.redfin.com/NY/Jamaica/164-20-Highland-Ave-11432/unit-6W/home/20648331,MLSLI,3162157,N,Y,40.710029,-73.798893
MLS Listing,,Condo/Co-op,Unit at 3 Fordham Hill Oval,Bronx,NY,10468,155000,1,1,University Heights,,,,124,,,Active,,,http://www.redfin.com/NY/The-Bronx/3-Fordham-Hill-Oval-10468/home/168930813,REBNY,DEGI3942965,N,Y,40.8646489,-73.9082109
MLS Listing,,Condo/Co-op,235-06 133rd Ave Unit 1A,Laurelton,NY,11413,160000,1,1,Queens,,,1960,125,,,Active,,,http://www.redfin.com/NY/Laurelton/223-1-133rd-Ave-11413/unit-1A/home/168916775,MLSLI,3161925,N,Y,40.6794152,-73.7455982
MLS Listing,,Condo/Co-op,22 Edgewater Park Unit B,Bronx,NY,10465,134000,2,1,Bronx,827,,,126,162,,Active,,,http://www.redfin.com/NY/The-Bronx/22-Edgewater-Park-10465/unit-B/home/168899778,HGMLS,5039321,N,Y,40.8225254,-73.8110146
MLS Listing,,Condo/Co-op,3410 De Reimer Ave Unit 3H,Bronx,NY,10475,160000,1,1,Bronx,739,,1965,126,217,,Active,,,http://www.redfin.com/NY/The-Bronx/3410-De-Reimer-Ave-10475/unit-3H/home/168892796,HGMLS,5050382,N,Y,40.8800687,-73.8364386
MLS Listing,,Condo/Co-op,160 Edgewater Park Unit C,Bronx,NY,10465,134000,2,1,Bronx,665,,,126,202,,Active,,,http://www.redfin.com/NY/Bronx/160-Edgewater-Park-10465/unit-C/home/147192502,HGMLS,5039314,N,Y,40.8224144,-73.8109851
MLS Listing,,Condo/Co-op,147D Edgewater Unit D,Bronx,NY,10465,100000,2,1,Bronx,640,,,126,156,,Active,,,http://www.redfin.com/NY/The-Bronx/147D-Edgewater-10465/unit-D/home/168879194,HGMLS,5039305,N,Y,40.8262186,-73.8242621
MLS Listing,,Condo/Co-op,501 Riverdale Ave Unit 4B,Yonkers,NY,10705,110000,1,1,Yonkers,850,,1953,126,129,,Active,,,http://www.redfin.com/NY/Yonkers/501-Riverdale-Ave-10705/unit-4B/home/54975953,HGMLS,5049644,N,Y,40.9151414,-73.9024085
MLS Listing,,Condo/Co-op,1C Edgewater Park Unit C,Bronx,NY,10465,144000,2,1,Bronx,730,,,132,197,,Active,,,http://www.redfin.com/NY/The-Bronx/1-Edgewater-Park-10465/unit-C/home/169246885,HGMLS,5039302,N,Y,40.822397,-73.810959
MLS Listing,,Condo/Co-op,Unit at 2165 Brigham St,Brooklyn,NY,11229,148000,1,1,Sheepshead Bay,,,,132,,,Active,,,http://www.redfin.com/NY/Brooklyn/2165-Brigham-St-11229/home/40653096,REBNY,AVEN1845753,N,Y,40.6001372,-73.934834
MLS Listing,,Condo/Co-op,5 Fordham Hill Oval Unit 7D,Bronx,NY,10468,155000,1,1,Bronx,735,,1950,133,211,,Active,,,http://www.redfin.com/NY/The-Bronx/5-Fordham-Hill-Oval-10468/unit-7D/home/44764656,HGMLS,4939628,N,Y,40.8653295,-73.90739
MLS Listing,,Condo/Co-op,45 Edgewater Park Unit C,Bronx,NY,10465,95000,2,1,Bronx,773,,,135,123,,Active,,,http://www.redfin.com/NY/The-Bronx/45-Edgewater-Park-10465/unit-C/home/169246887,HGMLS,5039312,N,Y,40.8225165,-73.8111197
MLS Listing,,Condo/Co-op,22A Edgewater Park Unit A,Bronx,NY,10465,120000,2,1,Bronx,652,,,135,184,,Active,,,http://www.redfin.com/NY/The-Bronx/22-Edgewater-Park-10465/unit-A/home/169246886,HGMLS,4848213,N,Y,40.8225254,-73.8110146
MLS Listing,,Condo/Co-op,814 Tilden St Unit 6B,Bronx,NY,10467,129000,2,1,Bronx,1000,,1962,141,129,,Active,,,http://www.redfin.com/NY/The-Bronx/814-Tilden-St-10467/unit-6B/home/168688671,HGMLS,5031369,N,Y,40.8767393,-73.8614649
MLS Listing,,Condo/Co-op,530 159th St #43,Bronx,NY,10451,115000,2,1,Bronx,850,,1950,141,135,,Active,,,http://www.redfin.com/NY/The-Bronx/530-E-159th-St-10451/unit-43/home/44772435,HGMLS,5031264,N,Y,40.8211108,-73.9102734
MLS Listing,,Condo/Co-op,2212 Plumb 1 St Unit 2A,Brooklyn,NY,11229,159000,1,1,Brooklyn,700,,1957,145,227,,Active,,,http://www.redfin.com/NY/Brooklyn/2212-Plumb-1st-St-11229/unit-2A/home/55349771,BNYMLS,432568,N,Y,40.5993474,-73.9330461
MLS Listing,,Condo/Co-op,1275 E 51 St Unit 2V,Brooklyn,NY,11234,154900,1,1,Brooklyn,900,,1965,146,172,,Active,,,http://www.redfin.com/NY/Brooklyn/1275-E-51st-St-11234/unit-2V/home/40467852,BNYMLS,432538,N,Y,40.6299186,-73.9265961
MLS Listing,,Vacant Land,0 Benziger Ave,Staten Island,NY,10301,65000,0,,New Brighton,,2500,,148,,,Active,,,http://www.redfin.com/NY/Staten-Island/Benziger-Ave-10301/home/56104319,SIBORMLS,1131426,N,Y,40.639197,-74.085656
MLS Listing,,Condo/Co-op,38 Laurel Pl Unit 4 I,Yonkers,NY,10704,140000,1,1,Yonkers,725,,1950,149,193,,Active,,,http://www.redfin.com/NY/Yonkers/38-Laurel-Pl-10704/unit-4I/home/40260043,HGMLS,5010771,N,Y,40.907756,-73.8574397
MLS Listing,,Condo/Co-op,5635 Netherland Ave Unit 6D,Bronx,NY,10471,125000,1,1,Riverdale,740,,1950,152,169,,Active,,,http://www.redfin.com/NY/The-Bronx/5635-Netherland-Ave-10471/unit-6D/home/168627885,HGMLS,5018468,N,Y,40.9047914,-73.9064174
MLS Listing,,Condo/Co-op,5650 Netherland Ave Unit 6C,Bronx,NY,10471,165000,1,1,Riverdale,648,,1950,152,255,,Active,,,http://www.redfin.com/NY/Bronx/5650-Netherland-Ave-10471/unit-6C/home/49703930,HGMLS,5018389,N,Y,40.9050366,-73.9063028
MLS Listing,,Condo/Co-op,87-56 Francis Lewis Unit A32,Hollis,NY,11423,175000,1,1,Hilltop Village,,,1954,155,,,Active,,,http://www.redfin.com/NY/Hollis/87-56-Francis-Lewis-Blvd-11423/unit-A32/home/168569210,MLSLI,3153889,N,Y,40.7223079,-73.7609288
MLS Listing,,Condo/Co-op,Unit at 502 Waverly Ave,Brooklyn,NY,11238,150000,0,,Clinton Hill,,,,161,,,Active,,,http://www.redfin.com/NY/Brooklyn/500-Waverly-Ave-11238/home/114686016,REBNY,DEGI3893989,N,Y,40.6830991,-73.9660566
MLS Listing,,Condo/Co-op,3636 Fieldston Rd Unit 2L,Bronx,NY,10463,146000,1,1,Riverdale,600,,1960,169,243,,Active,,,http://www.redfin.com/NY/The-Bronx/3636-Fieldston-Rd-10463/unit-2L/home/167882743,HGMLS,5001384,N,Y,40.8868274,-73.9062668
MLS Listing,,Condo/Co-op,715 Fox St Unit 6H,Bronx,NY,10455,119900,1,1,Bronx,550,,2008,181,218,,Active,,,http://www.redfin.com/NY/The-Bronx/715-Fox-St-10455/unit-6H/home/44807281,HGMLS,4984903,N,Y,40.814608,-73.8995607
MLS Listing,,Condo/Co-op,3656 Johnson Ave Unit 2H,Bronx,NY,10463,175000,1,1,Riverdale,750,,1931,188,233,,Active,,,http://www.redfin.com/NY/The-Bronx/3656-Johnson-Ave-10463/unit-2H/home/44601612,HGMLS,4976595,N,Y,40.8882218,-73.9090226
MLS Listing,,Vacant Land,2258 Bruckner Blvd,Bronx,NY,10473,120000,,,Bronx,,2575,,189,,,Active,,,http://www.redfin.com/NY/The-Bronx/2258-Bruckner-Blvd-10473/home/44721565,MLSLI,3144053,N,Y,40.826954,-73.847592
MLS Listing,,Condo/Co-op,38 Laurel Pl Unit 2J,Yonkers,NY,10704,149900,1,1,Yonkers,725,,1950,191,207,,Active,,,http://www.redfin.com/NY/Yonkers/38-Laurel-Pl-10704/unit-2J/home/167165689,HGMLS,4968714,N,Y,40.907756,-73.8574397
MLS Listing,,Condo/Co-op,144-75 Melbourne Ave Unit 3B,Flushing,NY,11367,149000,1,1,Mainstay # 2,750,,1955,195,199,,Active,,,http://www.redfin.com/NY/Flushing/144-75-Melbourne-Ave-11367/unit-3B/home/20632654,MLSLI,3142650,N,Y,40.734744,-73.822384
MLS Listing,,Condo/Co-op,"Unit at 3103 Fairfield Av,",Bronx,NY,10463,169000,1,1,Spuyten Duyvil,,,,197,,,Active,,,http://www.redfin.com/NY/The-Bronx/3103-Fairfield-Ave-10463/home/44766376,REBNY,BACH19596496,N,Y,40.8836826,-73.9144424
MLS Listing,,Condo/Co-op,219 Bronx River Rd Unit 1G,Yonkers,NY,10704,95000,1,1,Yonkers,900,,1939,200,106,,Active,,,http://www.redfin.com/NY/Yonkers/219-Bronx-River-Rd-10704/unit-1G/home/167125160,HGMLS,4964828,N,Y,40.9081679,-73.8564181
MLS Listing,,Condo/Co-op,1795 E 54 St Unit 18B,Brooklyn,NY,11234,169000,1,1,Brooklyn,690,,,208,245,,Active,,,http://www.redfin.com/NY/Brooklyn/1795-E-54th-St-11234/unit-18B/home/148437301,BNYMLS,430858,N,Y,40.6136442,-73.9222441
MLS Listing,,Condo/Co-op,1165 Fulton Ave Unit 1A,Bronx,NY,10456,139000,4,1,Bronx,1250,,1927,210,111,,Active,,,http://www.redfin.com/NY/The-Bronx/1165-Fulton-Ave-10456/unit-1A/home/167083338,HGMLS,4954664,N,Y,40.8295018,-73.9056237
MLS Listing,,Condo/Co-op,87-56 Francis Lewis Blvd Unit A-31,Queens Village,NY,11427,175000,1,1,Belmont Building,740,,1950,228,,,Active,,,http://www.redfin.com/NY/Queens-Village/8756-Francis-Lewis-BLVD-11427/unit-A-31/home/166854386,MLSLI,3132208,N,Y,40.7302787,-73.7442568
MLS Listing,,Condo/Co-op,Unit at 5620 Netherland Ave,Bronx,NY,10471,161000,1,1,Riverdale,,,,229,,,Active,,,http://www.redfin.com/NY/The-Bronx/5620-Netherland-Ave-10471/home/166831054,REBNY,FSRN91913,N,Y,40.9045808,-73.9059556
MLS Listing,,Condo/Co-op,Unit at 200 W 56th St,New York,NY,10019,19000,1,2,Middle West Side,,,,230,,,Active,,,http://www.redfin.com/NY/New-York/200-W-56th-St-10019/home/166824608,REBNY,SEEK1826480,N,Y,40.7648734,-73.9811854
MLS Listing,,Condo/Co-op,Unit at 200 W 56th St,New York,NY,10019,23000,1,2,Middle West Side,,,,230,,,Active,,,http://www.redfin.com/NY/New-York/200-W-56th-St-10019/home/166824604,REBNY,SEEK1826434,N,Y,40.7648734,-73.9811854
MLS Listing,,Condo/Co-op,730 E 232 St Unit 1D,Bronx,NY,10466,165000,2,1,Bronx,900,,1955,231,183,,Active,,,http://www.redfin.com/NY/The-Bronx/730-E-232nd-St-10466/unit-1D/home/166809236,HGMLS,4939980,N,Y,40.8921644,-73.8562959
MLS Listing,,Condo/Co-op,814 Tilden St Unit A1,Bronx,NY,10467,65000,1,1,Bronx,650,,1962,235,100,,Active,,,http://www.redfin.com/NY/The-Bronx/814-Tilden-St-10467/unit-A1/home/44753624,HGMLS,4936954,N,Y,40.8767393,-73.8614649
MLS Listing,,Condo/Co-op,82-16 34 Ave Unit 3E,Jackson Heights,NY,11372,159999,1,1,Jackson 34 Corp,,,1928,247,,,Active,,,http://www.redfin.com/NY/Unknown/82-16-34th-Ave-11372/unit-3E/home/113719205,MLSLI,3125900,N,Y,40.753543,-73.884327
MLS Listing,,Condo/Co-op,14-30 Seagirt Blvd Unit 3E,Far Rockaway,NY,11691,145000,2,1.5,Ocean Park,,,1959,250,,,Active,,,http://www.redfin.com/NY/Far-Rockaway/14-30-Seagirt-Blvd-11691/unit-3E/home/20648157,MLSLI,3125112,N,Y,40.5957597,-73.7494613
MLS Listing,,Condo/Co-op,555 Kappock St Unit 18K,Bronx,NY,10463,165000,1,1,Riverdale,750,,1966,251,220,,Active,,,http://www.redfin.com/NY/Bronx/555-Kappock-St-10463/unit-18K/home/147600717,HGMLS,4927877,N,Y,40.8780303,-73.9169226
MLS Listing,,Condo/Co-op,5601 Riverdale Ave Unit 4G,Bronx,NY,10471,165000,1,1,Bronx,750,,1956,254,220,,Active,,,http://www.redfin.com/NY/The-Bronx/5601-Riverdale-Ave-10471/unit-4G/home/44806473,HGMLS,4926245,N,Y,40.9048823,-73.9051113
MLS Listing,,Condo/Co-op,1000 Clove Rd Unit 4m,Staten Island,NY,10301,169000,1,1,Clove Lake,850,850,1968,257,199,945,Active,,,http://www.redfin.com/NY/Unknown/1000-Clove-Rd-10301/unit-4m/home/109029426,SIBORMLS,1128353,N,Y,40.6202645,-74.1099106
MLS Listing,,Condo/Co-op,Unit at 3 Fordham Hill Oval,Bronx,NY,10468,150000,1,1,Fordham,,,,260,,,Active,,,http://www.redfin.com/NY/The-Bronx/3-Fordham-Hill-Oval-10468/home/44754805,REBNY,UCOM1819646,N,Y,40.8646489,-73.9082109
MLS Listing,,Condo/Co-op,3065 Sedgwick Ave Unit 1H,Bronx,NY,10468,150000,1,1,Riverdale,700,,1960,261,214,,Active,,,http://www.redfin.com/NY/The-Bronx/3065-Sedgwick-Ave-10468/unit-1H/home/44800518,HGMLS,4923161,N,Y,40.8766081,-73.8998497
MLS Listing,,Condo/Co-op,87-10 204th St Unit A-41,Hollis,NY,11423,175000,1,1,Hampshire Building,,,1950,271,,,Active,,,http://www.redfin.com/NY/Jamaica/87-10-204th-St-11423/unit-A-41/home/161585836,MLSLI,3118642,N,Y,40.7231484,-73.7633223
MLS Listing,,Condo/Co-op,37 Vera St Unit A,Staten Island,NY,10305,118000,0,1,Dongan Hills-Above Hylan,450,450,1969,274,262,303,Active,,,http://www.redfin.com/NY/Staten-Island/37-Vera-St-10305/unit-A/home/77410063,SIBORMLS,1127791,N,Y,40.5847969,-74.0971273
MLS Listing,,Condo/Co-op,234-16 133 Ave Unit 1a,Rosedale,NY,11422,159000,1,1,coop,,,1950,282,,,Active,,,http://www.redfin.com/NY/Rosedale/234-16-133rd-Ave-11422/unit-1a/home/160933279,MLSLI,3114530,N,Y,40.6753696,-73.7349424
MLS Listing,,Condo/Co-op,Unit at 2 E 55th St,New York,NY,10022,175000,1,2,Middle East Side,,,,308,,,Active,,,http://www.redfin.com/NY/New-York/2-E-55th-St-10022/home/160603855,REBNY,UCOM1808686,N,Y,40.7613979,-73.9746128
MLS Listing,,Condo/Co-op,Unit at 5601 Riverdale Ave,Bronx,NY,10471,175000,1,1,Riverdale,,,,313,,,Active,,,http://www.redfin.com/NY/Bronx/5601-Riverdale-Ave-10471/home/147159900,REBNY,SOTH770029,N,Y,40.9048823,-73.9051113
MLS Listing,,Condo/Co-op,640 W 239 St Unit 5A,Bronx,NY,10463,170000,1,1,Riverdale,805,,1953,313,211,,Active,,,http://www.redfin.com/NY/Bronx/640-W-239th-St-10463/unit-5A/home/160572719,HGMLS,4911164,N,Y,40.8895418,-73.9126149
MLS Listing,,Condo/Co-op,Unit at 2 E 55th St,New York,NY,10022,99000,0,1,Middle East Side,,,,336,,,Active,,,http://www.redfin.com/NY/New-York/2-E-55th-St-10022/home/115328435,REBNY,UCOM516363,N,Y,40.7613979,-73.9746128
MLS Listing,,Condo/Co-op,233-16 131st Ave,Laurelton,NY,11413,149000,1,1,Laurelton Gardens Owners,,,1950,338,,,Active,,,http://www.redfin.com/NY/Laurelton/23316-131st-Ave-11413/home/160387036,MLSLI,3098368,N,Y,40.6783894,-73.7347477
MLS Listing,,Condo/Co-op,Unit at 100 W 57th St,New York,NY,10019,100000,0,1,Middle West Side,,,,362,,,Active,,,http://www.redfin.com/NY/New-York/100-W-57th-St-10019/home/148704898,REBNY,UCOM1795970,N,Y,40.7641922,-73.9776198
MLS Listing,,Condo/Co-op,36 Hamilton Ave Unit 3b,Staten Island,NY,10301,154000,0,1,St. George,400,400,1964,405,385,399,Active,,,http://www.redfin.com/NY/Unknown/36-Hamilton-Ave-10301/unit-3b/home/145741537,SIBORMLS,1124516,N,Y,40.6448994,-74.0787997
MLS Listing,,Condo/Co-op,Unit at 5639 Netherland Ave,Bronx,NY,10471,173500,1,1,Riverdale,,,,443,,,Active,,,http://www.redfin.com/NY/Bronx/5639-Netherland-Ave-10471/home/115229936,REBNY,FSRN79709,N,Y,40.9054601,-73.9061288
MLS Listing,,Condo/Co-op,7 Fordham Hill Oval Unit 1G,Bronx,NY,10468,151000,1,1,Bronx,600,,1950,443,252,,Active,,,http://www.redfin.com/NY/The-Bronx/7-Fordham-Hill-Oval-10468/unit-1G/home/44765813,HGMLS,4849199,N,Y,40.8647901,-73.9071597
MLS Listing,,Condo/Co-op,85 Bronx River Rd Unit 3T,Yonkers,NY,10704,145000,1,1,Yonkers,850,,1939,461,171,,Active,,,http://www.redfin.com/NY/Yonkers/85-Bronx-River-Rd-10704/unit-3T/home/53608694,HGMLS,4846394,N,Y,40.9044699,-73.8592733
MLS Listing,,Condo/Co-op,Unit at 200 W 56th St,New York,NY,10019,35175,1,2,Middle West Side,,,,474,,,Active,,,http://www.redfin.com/NY/New-York/200-W-56th-St-10019/home/115825776,REBNY,UCOM1516996,N,Y,40.7648734,-73.9811854
MLS Listing,,Condo/Co-op,1000 Clove Rd Unit 7f,Staten Island,NY,10301,125000,0,1,Clove Lake,525,525,1966,475,238,613,Active,,,http://www.redfin.com/NY/Staten-Island/1000-Clove-Rd-10301/unit-7F/home/77422192,SIBORMLS,1122833,N,Y,40.6202645,-74.1099106
MLS Listing,,Condo/Co-op,Unit at 1200 E 53rd St,Brooklyn,NY,11234,115000,0,1,Flatlands,,,,517,,,Active,,,http://www.redfin.com/NY/Brooklyn/1200-E-53rd-St-11234/home/53425520,REBNY,DEGI3406953,N,Y,40.6299309,-73.925309
MLS Listing,,Condo/Co-op,3231 Barker Ave Unit 3B,Bronx,NY,10467,130000,2,1,Bronx,1050,,1953,525,124,,Active,January-11-2020 12:00 PM,January-11-2020 01:00 PM,http://www.redfin.com/NY/Bronx/3231-Barker-Ave-10467/unit-3B/home/44601029,HGMLS,4835138,N,Y,40.872348,-73.8696101
MLS Listing,,Condo/Co-op,Unit at 2 E 55th St,New York,NY,10022,135000,0,1,Middle East Side,,,,558,,,Active,,,http://www.redfin.com/NY/New-York/2-E-55th-St-10022/home/115307419,REBNY,UCOM516326,N,Y,40.7613979,-73.9746128
MLS Listing,,Condo/Co-op,138-11 Beach Channel Dr Unit C6,Belle Harbor,NY,11694,150000,1,1,Bch Channel Housing Corp,,,1950,594,,,Active,,,http://www.redfin.com/NY/Rockaway-Park/13811-Beach-Channel-Dr-11694/unit-C6/home/20624778,MLSLI,3033378,N,Y,40.5783799,-73.85825
MLS Listing,,Condo/Co-op,1000 Clove Rd Unit 10m,Staten Island,NY,10301,150000,1,1,Clove Lake,,,1966,607,,944,Active,,,http://www.redfin.com/NY/Staten-Island/1000-Clove-Rd-10301/unit-10M/home/77417668,SIBORMLS,1119264,N,Y,40.6202645,-74.1099106
MLS Listing,,Condo/Co-op,Unit at 555 Kappock St,Bronx,NY,10463,170000,1,1,Spuyten Duyvil,,,,797,,,Active,,,http://www.redfin.com/NY/The-Bronx/555-Kappock-St-10463/home/44602229,REBNY,HALS3682356,N,Y,40.8780303,-73.9169226
MLS Listing,,Condo/Co-op,Unit at 200 W 56th St,New York,NY,10019,12500,1,1,Middle West Side,,,,835,,,Active,,,http://www.redfin.com/NY/New-York/200-W-56th-St-10019/home/143897602,REBNY,CORC5244006,N,Y,40.7648089,-73.9812315
MLS Listing,,Condo/Co-op,Unit at 82 -16 34th Ave,Queens,NY,11372,159999,1,1,Jackson Heights,,,,929,,,Active,,,http://www.redfin.com/NY/Unknown/82-6-34th-Ave-11372/home/130571230,REBNY,AKAM1650700,N,Y,40.7537246,-73.8847318
MLS Listing,,Condo/Co-op,Unit at 1001 Grand Concourse,Bronx,NY,10025,99000,0,1,Concourse,,,,945,,,Active,,,http://www.redfin.com/NY/Bronx/1001-Grand-Concourse-10025/home/167321351,REBNY,HALS11150158,N,Y,40.7999209,-73.9683102
